{
  "train_loss": [
    0.10745523586869239,
    0.06343214631080628,
    0.04917589500546456,
    0.037418614104390145,
    0.032583471685647965,
    0.028517523258924486,
    0.026359534077346324,
    0.024254903309047223,
    0.024925098605453968,
    0.023020389415323736,
    0.02422506731003523,
    0.02222029887139797,
    0.024615471959114076,
    0.021575325280427934,
    0.021062558889389037,
    0.02195475349202752,
    0.022852785922586917,
    0.01822832940146327,
    0.02096768518909812,
    0.021510146930813788,
    0.023212063275277615,
    0.02046880476176739,
    0.021047862730920314,
    0.023302795980125666,
    0.021010550409555434,
    0.023058874644339086,
    0.020242796652019023,
    0.021580338962376117,
    0.020022486448287965,
    0.022035102136433126,
    0.021281227096915246,
    0.01966311231255531,
    0.019321222119033338,
    0.020775377713143826,
    0.0196039767190814,
    0.02143207799643278,
    0.020117652043700217
  ],
  "val_loss": [
    0.07323038897344045,
    0.05012244651360171,
    0.034602212852665355,
    0.026006115467420647,
    0.021029298858983175,
    0.017064646817743778,
    0.015864493059260503,
    0.014372451430452722,
    0.013890098381255354,
    0.01331294234842062,
    0.013180875951158149,
    0.012871493219531007,
    0.013352549368781703,
    0.013183618829186474,
    0.013785737167511667,
    0.012796691020152398,
    0.013347199452774865,
    0.013393848868353027,
    0.01322363390188132,
    0.013747630906956536,
    0.014359010915671076,
    0.012414323232535805,
    0.013072614424995013,
    0.013058158768607038,
    0.014122303375708205,
    0.013317037540088807,
    0.013271103047632746,
    0.012992286921611853,
    0.012886830139905214,
    0.012896550353616476,
    0.0136960459473942,
    0.012692559976130724,
    0.0125065968771066,
    0.013102343339206917,
    0.012659306105758463,
    0.013181982362376792,
    0.013086450219686543
  ],
  "train_mae": [
    29.765666246414185,
    22.71000736951828,
    19.55250644683838,
    16.536593437194824,
    15.01100492477417,
    13.738181054592133,
    12.794636189937592,
    11.948816359043121,
    11.986093133687973,
    11.4578817486763,
    11.509311884641647,
    10.858032017946243,
    11.453810214996338,
    10.811666518449783,
    10.611039012670517,
    10.772649675607681,
    10.900754302740097,
    9.734249293804169,
    10.331351205706596,
    10.577220648527145,
    11.040867686271667,
    10.455912441015244,
    10.197848200798035,
    10.944716215133667,
    10.39114859700203,
    10.988294184207916,
    10.229405790567398,
    10.703172624111176,
    10.281536608934402,
    10.58021828532219,
    10.45331084728241,
    10.028365910053253,
    9.926473706960678,
    10.390243023633957,
    10.088045835494995,
    10.52730068564415,
    10.144436985254288
  ],
  "val_mae": [
    25.036100617476873,
    20.33380397728511,
    16.36961145060403,
    14.085467691932406,
    12.411653676203318,
    10.779293200799398,
    10.222973142351423,
    9.50420807514872,
    9.104486501642636,
    8.814457005688123,
    8.740695033754621,
    8.628132566809654,
    8.714182142700468,
    8.79218785890511,
    9.009497080530439,
    8.576921267168862,
    8.819849789142609,
    8.876808200563703,
    8.709268165486199,
    8.90074712889535,
    8.958901039191655,
    8.308649861386844,
    8.773432299494743,
    8.695866699729647,
    9.157276579311915,
    8.786409454686302,
    8.653142835412707,
    8.658267930150032,
    8.480602077075414,
    8.52365887590817,
    8.917023347956794,
    8.436317475778717,
    8.330293904457774,
    8.678766340017319,
    8.356405794620514,
    8.67939575442246,
    8.628427663019725
  ]
}