question_id,human_score,ai_score,difference,within_range,confidence
1,92,74.03,17.97,False,72.0
2,88,77.01,10.989999999999995,False,72.82
3,75,59.53,15.469999999999999,False,52.16
4,78,47.22,30.78,False,47.68
5,60,69.23,9.230000000000004,False,59.68
6,20,56.27,36.27,False,49.49
7,35,46.21,11.21,False,43.73
8,5,28.25,23.25,False,50.39
